L1,L24-L34,1fl3,16A,1uz6,16A,86.4,1.710
L1,L24-L34,1fl3,16A,3cfb,16A,86.4,0.806
L1,L24-L34,2f5a,11A,1tjg,11A,100.0,0.962
L1,L24-L34,2f5a,11A,3bqu_1,11A,100.0,1.270
L1,L24-L34,1tjg,11A,2f5a,11A,100.0,0.962
L1,L24-L34,1tjg,11A,3bqu_1,11A,100.0,1.898
L1,L24-L34,3bqu_1,11A,2f5a,11A,100.0,1.270
L1,L24-L34,3bqu_1,11A,1tjg,11A,100.0,1.898
L1,L24-L34,2jb5,14H,2jb6,14H,100.0,0.610
L1,L24-L34,2jb6,14H,2jb5,14H,100.0,0.610
L1,L24-L34,1ind,14B,1yuh,14B,100.0,1.748
L1,L24-L34,1ind,14B,1p4i,14B,100.0,1.077
L1,L24-L34,1ind,14B,1p4b,14B,100.0,1.197
L1,L24-L34,1ind,14B,1etz,14B,100.0,0.965
L1,L24-L34,1ind,14B,1pg7_2,14B,100.0,1.090
L1,L24-L34,1ind,14B,1gig,14B,100.0,1.125
L1,L24-L34,1oar,14B,1a6w,14B,100.0,1.005
L1,L24-L34,1oar,14B,1a6u,14B,100.0,1.080
L1,L24-L34,1oar,14B,1oax,14B,100.0,0.176
L1,L24-L34,1oar,14B,1oay,14B,100.0,0.270
L1,L24-L34,1oar,14B,1ocw,14B,100.0,0.484
L1,L24-L34,1oar,14B,1oaq,14B,100.0,0.903
L1,L24-L34,1oar,14B,1a6v,14B,100.0,0.948
L1,L24-L34,1a6w,14B,1oar,14B,100.0,1.005
L1,L24-L34,1a6w,14B,1a6u,14B,100.0,1.094
L1,L24-L34,1a6w,14B,1oax,14B,100.0,0.977
L1,L24-L34,1a6w,14B,1oay,14B,100.0,1.101
L1,L24-L34,1a6w,14B,1ocw,14B,100.0,0.958
L1,L24-L34,1a6w,14B,1oaq,14B,100.0,0.849
L1,L24-L34,1a6w,14B,1a6v,14B,100.0,0.885
L1,L24-L34,1a6u,14B,1oar,14B,100.0,1.080
L1,L24-L34,1a6u,14B,1a6w,14B,100.0,1.094
L1,L24-L34,1a6u,14B,1oax,14B,100.0,1.084
L1,L24-L34,1a6u,14B,1oay,14B,100.0,1.118
L1,L24-L34,1a6u,14B,1ocw,14B,100.0,1.089
L1,L24-L34,1a6u,14B,1oaq,14B,100.0,0.868
L1,L24-L34,1a6u,14B,1a6v,14B,100.0,0.916
L1,L24-L34,1yuh,14B,1ind,14B,100.0,1.748
L1,L24-L34,1yuh,14B,1p4i,14B,100.0,1.322
L1,L24-L34,1yuh,14B,1p4b,14B,100.0,1.296
L1,L24-L34,1yuh,14B,1etz,14B,100.0,1.390
L1,L24-L34,1yuh,14B,1pg7_2,14B,100.0,1.340
L1,L24-L34,1yuh,14B,1gig,14B,100.0,1.640
L1,L24-L34,1oax,14B,1oar,14B,100.0,0.176
L1,L24-L34,1oax,14B,1a6w,14B,100.0,0.977
L1,L24-L34,1oax,14B,1a6u,14B,100.0,1.084
L1,L24-L34,1oax,14B,1oay,14B,100.0,0.277
L1,L24-L34,1oax,14B,1ocw,14B,100.0,0.469
L1,L24-L34,1oax,14B,1oaq,14B,100.0,0.919
L1,L24-L34,1oax,14B,1a6v,14B,100.0,0.971
L1,L24-L34,1oay,14B,1oar,14B,100.0,0.270
L1,L24-L34,1oay,14B,1a6w,14B,100.0,1.101
L1,L24-L34,1oay,14B,1a6u,14B,100.0,1.118
L1,L24-L34,1oay,14B,1oax,14B,100.0,0.277
L1,L24-L34,1oay,14B,1ocw,14B,100.0,0.546
L1,L24-L34,1oay,14B,1oaq,14B,100.0,0.964
L1,L24-L34,1oay,14B,1a6v,14B,100.0,0.979
L1,L24-L34,1mfe,14B,1mfb,14B,100.0,0.573
L1,L24-L34,1q0x,14B,1ind,14B,92.0,1.093
L1,L24-L34,1q0x,14B,1yuh,14B,92.0,1.402
L1,L24-L34,1q0x,14B,1p4i,14B,92.0,1.249
L1,L24-L34,1q0x,14B,1p4b,14B,92.0,0.815
L1,L24-L34,1q0x,14B,1etz,14B,92.0,0.880
L1,L24-L34,1q0x,14B,1pg7_2,14B,92.0,0.851
L1,L24-L34,1q0x,14B,1gig,14B,92.0,1.356
L1,L24-L34,1p4i,14B,1ind,14B,100.0,1.077
L1,L24-L34,1p4i,14B,1yuh,14B,100.0,1.322
L1,L24-L34,1p4i,14B,1p4b,14B,100.0,0.988
L1,L24-L34,1p4i,14B,1etz,14B,100.0,1.026
L1,L24-L34,1p4i,14B,1pg7_2,14B,100.0,0.999
L1,L24-L34,1p4i,14B,1gig,14B,100.0,1.067
L1,L24-L34,1p4b,14B,1ind,14B,100.0,1.197
L1,L24-L34,1p4b,14B,1yuh,14B,100.0,1.296
L1,L24-L34,1p4b,14B,1p4i,14B,100.0,0.988
L1,L24-L34,1p4b,14B,1etz,14B,100.0,0.969
L1,L24-L34,1p4b,14B,1pg7_2,14B,100.0,0.524
L1,L24-L34,1p4b,14B,1gig,14B,100.0,1.403
L1,L24-L34,1fe8,11A,1r24,11A,87.0,1.447
L1,L24-L34,1fe8,11A,1bz7,11A,87.0,1.323
L1,L24-L34,1wc7,10A,1dqd,10A,94.1,0.785
L1,L24-L34,1i8i,11A,3bqu_2,11A,82.6,1.474
L1,L24-L34,2q76,11A,1mlb,11A,91.3,1.013
L1,L24-L34,1mlb,11A,2q76,11A,91.3,1.013
L1,L24-L34,1mlb,11A,1ndg,11A,91.3,0.818
L1,L24-L34,1mlb,11A,1dqj,11A,91.3,0.967
L1,L24-L34,1mlb,11A,1dqm,11A,91.3,1.584
L1,L24-L34,1gpo,16A,2eh7,16A,68.2,1.218
L1,L24-L34,1gpo,16A,1yec,16A,68.2,0.826
L1,L24-L34,1gpo,16A,1yed,16A,68.2,1.051
L1,L24-L34,1gpo,16A,1yee,16A,68.2,0.869
L1,L24-L34,1gpo,16A,1m71,16A,68.2,1.359
L1,L24-L34,1gpo,16A,1qkz,16A,68.2,1.042
L1,L24-L34,1qfw_2,11A,1t04,11A,78.3,1.337
L1,L24-L34,1qfw_2,11A,1b2w,11A,78.3,1.432
L1,L24-L34,1eap,11A,1a0q,11A,100.0,1.170
L1,L24-L34,1c12,11A,1eap,11A,69.6,0.477
L1,L24-L34,1c12,11A,1a0q,11A,69.6,0.419
L1,L24-L34,1jhl,11A,1mlb,11A,78.3,1.361
L1,L24-L34,1jhl,11A,2v17,11A,78.3,1.532
L1,L24-L34,1ezv,11A,1oak,11A,73.9,1.008
L1,L24-L34,1ezv,11A,1fns,11A,73.9,1.134
L1,L24-L34,1ezv,11A,1fgv,11A,73.9,1.275
L1,L24-L34,1ezv,11A,2fgw,11A,73.9,1.490
L1,L24-L34,1ezv,11A,2v7h,11A,73.9,1.593
L1,L24-L34,1ezv,11A,1hys,11A,73.9,1.189
L1,L24-L34,1ezv,11A,1n5y,11A,73.9,1.264
L1,L24-L34,1ar1,11A,1mqk,11A,100.0,1.294
L1,L24-L34,1mqk,11A,1ar1,11A,100.0,1.294
L1,L24-L34,1fn4,11A,1d5b,11A,73.9,1.219
L1,L24-L34,1fn4,11A,1fgv,11A,73.9,1.414
L1,L24-L34,1fn4,11A,2fgw,11A,73.9,1.322
L1,L24-L34,1fn4,11A,2v7h,11A,73.9,1.151
L1,L24-L34,3b9k,11A,2adf,11A,82.6,0.578
L1,L24-L34,3b9k,11A,1fj1,11A,82.6,0.883
L1,L24-L34,1bfo,11A,1bey,11A,95.7,1.198
L1,L24-L34,1k6q,11A,1ahw,11A,91.3,1.323
L1,L24-L34,1k6q,11A,1pg7_1,11A,91.3,1.237
L1,L24-L34,1d5b,11A,1d5i,11A,95.7,1.415
L1,L24-L34,1d5i,11A,1d5b,11A,95.7,1.415
L1,L24-L34,1ahw,11A,1k6q,11A,91.3,1.323
L1,L24-L34,1bog,11A,1d5i,11A,91.3,1.135
L1,L24-L34,1k4c,11A,2hvj,11A,100.0,0.340
L1,L24-L34,2hvj,11A,1k4c,11A,100.0,0.340
L1,L24-L34,2oz4,11A,1k4c,11A,91.3,0.468
L1,L24-L34,2oz4,11A,2hvj,11A,91.3,0.558
L1,L24-L34,3bgf,11A,1kno,11A,91.3,1.245
L1,L24-L34,3bgf,11A,2gfb,11A,91.3,1.002
L1,L24-L34,2aep,11A,2aeq,11A,100.0,0.953
L1,L24-L34,2aeq,11A,2aep,11A,100.0,0.953
L1,L24-L34,2z4q,16A,1n4x,16A,95.5,1.443
L1,L24-L34,2z4q,16A,1wt5,16A,95.5,0.941
L1,L24-L34,1n4x,16A,2z4q,16A,95.5,1.443
L1,L24-L34,1aif,12C,1ken,12C,77.3,1.232
L1,L24-L34,2aab,15G,2gcy,15G,83.3,1.321
L1,L24-L34,2aab,15G,1it9,15G,83.3,1.410
L1,L24-L34,1ck0,17A,3dv4,17A,95.2,1.101
L1,L24-L34,1ck0,17A,3dus,17A,95.2,0.838
L1,L24-L34,2jix,11A,1dql,11A,78.3,1.900
L1,L24-L34,2jix,11A,3fzu,11A,78.3,1.798
L1,L24-L34,2jix,11A,3bn9,11A,78.3,1.299
L1,L24-L34,2jix,11A,1rzg,11A,78.3,1.670
L1,L24-L34,2jix,11A,1dfb,11A,78.3,1.858
L1,L24-L34,1cz8,11A,1bj1,11A,95.7,0.667
L1,L24-L34,1rjl,11A,1yjd,11A,91.3,1.420
L1,L24-L34,1yjd,11A,1rjl,11A,91.3,1.420
L1,L24-L34,1r24,11A,1bz7,11A,100.0,1.515
L1,L24-L34,1bz7,11A,1r24,11A,100.0,1.515
L1,L24-L34,1ay1,10A,1bgx,10A,100.0,1.114
L1,L24-L34,1bgx,10A,1ay1,10A,100.0,1.114
L1,L24-L34,1zan,11A,2j88,11A,78.3,0.893
L1,L24-L34,1zan,11A,3cxd,11A,78.3,1.008
L1,L24-L34,2j88,11A,1kb5,11A,95.7,1.030
L1,L24-L34,2j88,11A,1xf3,11A,95.7,0.965
L1,L24-L34,2j88,11A,1i8m,11A,95.7,0.852
L1,L24-L34,1jhk,11A,1jgl,11A,100.0,0.151
L1,L24-L34,1jgl,11A,1jhk,11A,100.0,0.151
L1,L24-L34,1cic_2,11A,1jhk,11A,95.7,1.277
L1,L24-L34,1cic_2,11A,1jgl,11A,95.7,1.278
L1,L24-L34,1kb5,11A,2j88,11A,95.7,1.030
L1,L24-L34,3fmg,11A,2j88,11A,87.0,1.037
L1,L24-L34,1c5d,11A,2adf,11A,87.0,1.018
L1,L24-L34,1c5d,11A,1fj1,11A,87.0,1.092
L1,L24-L34,1t4k,17A,1ck0,17A,90.5,1.244
L1,L24-L34,1t4k,17A,1q9o,17A,90.5,1.105
L1,L24-L34,1t4k,17A,2zuq,17B,90.5,1.735
L1,L24-L34,1t4k,17A,1q9k,17A,90.5,1.140
L1,L24-L34,1t4k,17A,3dur,17A,90.5,1.118
L1,L24-L34,1t4k,17A,1h3p,17A,90.5,1.944
L1,L24-L34,1oak,11A,1fns,11A,100.0,0.661
L1,L24-L34,1fns,11A,1oak,11A,100.0,0.661
L1,L24-L34,2vxt,11A,1kno,11A,87.0,1.258
L1,L24-L34,2vxt,11A,2gfb,11A,87.0,1.020
L1,L24-L34,2adf,11A,1fj1,11A,100.0,0.965
L1,L24-L34,1uj3,11A,1pg7_1,11A,95.7,1.064
L1,L24-L34,1l7i,11A,2hfg,11A,91.3,0.635
L1,L24-L34,1l7i,11A,3g6j,11A,91.3,0.944
L1,L24-L34,1l7i,11A,2h9g,11A,91.3,0.556
L1,L24-L34,1l7i,11A,2fjf,11A,91.3,0.825
L1,L24-L34,1l7i,11A,2r0l,11A,91.3,0.628
L1,L24-L34,1bey,11A,1bfo,11A,95.7,1.198
L1,L24-L34,3hc4,11A,3hc3,11A,100.0,0.662
L1,L24-L34,3hc4,11A,3hc0,11A,100.0,0.787
L1,L24-L34,3hc3,11A,3hc4,11A,100.0,0.662
L1,L24-L34,3hc3,11A,3hc0,11A,100.0,0.627
L1,L24-L34,3hc0,11A,3hc4,11A,100.0,0.787
L1,L24-L34,3hc0,11A,3hc3,11A,100.0,0.627
L1,L24-L34,1igm,11A,3bn9,11A,87.0,1.088
L1,L24-L34,1igm,11A,1bj1,11A,87.0,0.923
L1,L24-L34,1igm,11A,1rz7,11A,87.0,1.111
L1,L24-L34,1fgv,11A,2fgw,11A,100.0,0.921
L1,L24-L34,1fgv,11A,2v7h,11A,100.0,1.329
L1,L24-L34,2fgw,11A,1fgv,11A,100.0,0.921
L1,L24-L34,2fgw,11A,2v7h,11A,100.0,1.536
L1,L24-L34,3bdy,15F,2aab,15G,50.0,3.699
L1,L24-L34,3bdy,15F,2r29,15H,50.0,5.037
L1,L24-L34,3bdy,15F,32c2,15E,50.0,4.095
L1,L24-L34,3bdy,15F,1acy,15G,50.0,3.778
L1,L24-L34,3bdy,15F,1it9,15G,50.0,3.657
L1,L24-L34,1dql,11A,1rz7,11A,91.3,1.182
L1,L24-L34,3fzu,11A,1dql,11A,87.0,0.975
L1,L24-L34,1za3,11A,2hfg,11A,82.6,0.983
L1,L24-L34,1za3,11A,3g6j,11A,82.6,1.318
L1,L24-L34,1za3,11A,2h9g,11A,82.6,1.040
L1,L24-L34,1za3,11A,2fjf,11A,82.6,0.869
L1,L24-L34,1za3,11A,2r0l,11A,82.6,0.664
L1,L24-L34,1fve,11A,1fvd,11A,100.0,0.534
L1,L24-L34,1fve,11A,1fvc,11A,100.0,0.865
L1,L24-L34,1fve,11A,1n8z,11A,100.0,0.819
L1,L24-L34,1fvd,11A,1fve,11A,100.0,0.534
L1,L24-L34,1fvd,11A,1fvc,11A,100.0,0.728
L1,L24-L34,1fvd,11A,1n8z,11A,100.0,0.842
L1,L24-L34,1fvc,11A,1fve,11A,100.0,0.865
L1,L24-L34,1fvc,11A,1fvd,11A,100.0,0.728
L1,L24-L34,1fvc,11A,1n8z,11A,100.0,0.927
L1,L24-L34,1n8z,11A,1fve,11A,100.0,0.819
L1,L24-L34,1n8z,11A,1fvd,11A,100.0,0.842
L1,L24-L34,1n8z,11A,1fvc,11A,100.0,0.927
L1,L24-L34,2qqk,11A,3g6j,11A,91.3,1.290
L1,L24-L34,2hfg,11A,1l7i,11A,91.3,0.635
L1,L24-L34,2hfg,11A,3g6j,11A,91.3,1.336
L1,L24-L34,2hfg,11A,2h9g,11A,91.3,1.263
L1,L24-L34,2hfg,11A,2fjf,11A,91.3,1.274
L1,L24-L34,2hfg,11A,2r0l,11A,91.3,1.057
L1,L24-L34,3g6j,11A,2h9g,11A,95.7,0.984
L1,L24-L34,3g6j,11A,2fjf,11A,95.7,1.382
L1,L24-L34,3g6j,11A,2r0l,11A,95.7,1.208
L1,L24-L34,2h9g,11A,2fjf,11A,100.0,1.167
L1,L24-L34,2h9g,11A,2r0l,11A,100.0,0.959
L1,L24-L34,2fjf,11A,2h9g,11A,100.0,1.167
L1,L24-L34,2fjf,11A,2r0l,11A,100.0,0.656
L1,L24-L34,2r0l,11A,2h9g,11A,100.0,0.959
L1,L24-L34,2r0l,11A,2fjf,11A,100.0,0.656
L1,L24-L34,3bn9,11A,1igm,11A,87.0,1.088
L1,L24-L34,2r8s,11A,3g6j,11A,87.0,1.108
L1,L24-L34,2r8s,11A,2h9g,11A,87.0,0.924
L1,L24-L34,2r8s,11A,2fjf,11A,87.0,0.664
L1,L24-L34,2r8s,11A,2r0l,11A,87.0,0.749
L1,L24-L34,2r8s,11A,2qr0,11A,87.0,1.002
L1,L24-L34,2r8s,11A,1rzi,11A,87.0,1.046
L1,L24-L34,2qr0,11A,2r8s,11A,87.0,1.002
L1,L24-L34,1pg7_1,11A,1uj3,11A,95.7,1.064
L1,L24-L34,1bj1,11A,1cz8,11A,95.7,0.667
L1,L24-L34,3c09,10A,1mhp,10A,88.2,1.299
L1,L24-L34,3c09,10A,2b2x,10A,88.2,1.208
L1,L24-L34,1fj1,11A,2adf,11A,100.0,0.965
L1,L24-L34,2cmr,11A,1igm,11A,82.6,0.974
L1,L24-L34,2cmr,11A,3bn9,11A,82.6,1.145
L1,L24-L34,1t04,11A,1b2w,11A,100.0,1.052
L1,L24-L34,1b2w,11A,1t04,11A,100.0,1.052
L1,L24-L34,1rzg,11A,1dfb,11A,91.3,1.131
L1,L24-L34,1dfb,11A,1rzg,11A,91.3,1.131
L1,L24-L34,2bdn,11A,1jrh,11A,82.6,1.335
L1,L24-L34,2eh7,16A,1yed,16A,95.5,1.237
L1,L24-L34,2eh7,16A,1yee,16A,95.5,1.334
L1,L24-L34,1e4w,11A,1fbi,11A,91.3,1.225
L1,L24-L34,1e4w,11A,3cfd,11A,91.3,1.058
L1,L24-L34,1e4w,11A,1fai,11A,91.3,1.101
L1,L24-L34,1e4w,11A,2a6d,11A,91.3,1.432
L1,L24-L34,1e4w,11A,2vwe,11A,91.3,1.198
L1,L24-L34,1emt,11A,1hys,11A,95.7,0.676
L1,L24-L34,1emt,11A,1n5y,11A,95.7,0.796
L1,L24-L34,2v7h,11A,1fgv,11A,100.0,1.329
L1,L24-L34,2v7h,11A,2fgw,11A,100.0,1.536
L1,L24-L34,1xiw,11A,1fgv,11A,95.7,1.033
L1,L24-L34,1xiw,11A,2fgw,11A,95.7,1.152
L1,L24-L34,1xiw,11A,2v7h,11A,95.7,1.372
L1,L24-L34,1xiw,11A,2a6d,11A,95.7,1.443
L1,L24-L34,1xiw,11A,1mam,11A,95.7,1.348
L1,L24-L34,1fbi,11A,3cfd,11A,95.7,1.038
L1,L24-L34,1fbi,11A,1fai,11A,95.7,1.313
L1,L24-L34,1fbi,11A,2a6d,11A,95.7,1.352
L1,L24-L34,1fbi,11A,2vwe,11A,95.7,1.148
L1,L24-L34,3cfd,11A,1fbi,11A,95.7,1.038
L1,L24-L34,3cfd,11A,1fai,11A,95.7,1.153
L1,L24-L34,3cfd,11A,2a6d,11A,95.7,1.079
L1,L24-L34,3cfd,11A,2vwe,11A,95.7,0.744
L1,L24-L34,1fai,11A,1fbi,11A,95.7,1.313
L1,L24-L34,1fai,11A,3cfd,11A,95.7,1.153
L1,L24-L34,1fai,11A,2a6d,11A,95.7,1.604
L1,L24-L34,1fai,11A,2vwe,11A,95.7,1.404
L1,L24-L34,2a6d,11A,1fgv,11A,95.7,1.364
L1,L24-L34,2a6d,11A,2fgw,11A,95.7,1.586
L1,L24-L34,2a6d,11A,2v7h,11A,95.7,0.982
L1,L24-L34,2a6d,11A,1xiw,11A,95.7,1.443
L1,L24-L34,2a6d,11A,1fbi,11A,95.7,1.352
L1,L24-L34,2a6d,11A,3cfd,11A,95.7,1.079
L1,L24-L34,2a6d,11A,1fai,11A,95.7,1.604
L1,L24-L34,2a6d,11A,1mam,11A,95.7,1.335
L1,L24-L34,2a6d,11A,1ynt,11A,95.7,1.414
L1,L24-L34,2a6d,11A,2vwe,11A,95.7,1.140
L1,L24-L34,1nma,11A,1nmb,11A,100.0,1.297
L1,L24-L34,1nmb,11A,1nma,11A,100.0,1.297
L1,L24-L34,1ikf,11A,1emt,11A,91.3,0.842
L1,L24-L34,1ikf,11A,1fai,11A,91.3,1.031
L1,L24-L34,1mam,11A,1fgv,11A,95.7,1.154
L1,L24-L34,1mam,11A,2fgw,11A,95.7,1.529
L1,L24-L34,1mam,11A,2v7h,11A,95.7,1.268
L1,L24-L34,1mam,11A,1xiw,11A,95.7,1.348
L1,L24-L34,1mam,11A,2a6d,11A,95.7,1.335
L1,L24-L34,1hys,11A,1n5y,11A,100.0,0.779
L1,L24-L34,1n5y,11A,1hys,11A,100.0,0.779
L1,L24-L34,1ynt,11A,2a6d,11A,95.7,1.414
L1,L24-L34,2ajs,16A,1xgy,16A,81.8,0.837
L1,L24-L34,2ajs,16A,1uz6,16A,81.8,1.213
L1,L24-L34,2ajs,16A,3cfb,16A,81.8,0.915
L1,L24-L34,1dqd,10A,1wc7,10A,94.1,0.785
L1,L24-L34,1i3g,11A,12e8,11A,91.3,0.408
L1,L24-L34,1ots,10A,2osl,10A,94.1,1.186
L1,L24-L34,1ots,10A,1sy6,10A,94.1,2.247
L1,L24-L34,1ots,10A,1z3g,10A,94.1,2.326
L1,L24-L34,1ots,10A,1baf,10A,94.1,1.228
L1,L24-L34,15c8,12C,1ors,12C,95.5,0.868
L1,L24-L34,1seq,10A,1sy6,10A,94.1,1.606
L1,L24-L34,1seq,10A,1z3g,10A,94.1,1.659
L1,L24-L34,1seq,10A,1baf,10A,94.1,0.940
L1,L24-L34,1yqv,10A,1bql,10A,100.0,0.762
L1,L24-L34,1bql,10A,1yqv,10A,100.0,0.762
L1,L24-L34,2gsi,15A,32c2,15E,91.7,3.116
L1,L24-L34,1f58,15G,2zch,15B,91.7,1.361
L1,L24-L34,2zch,15B,1f58,15G,92.0,1.361
L1,L24-L34,2zch,15B,1it9,15G,92.0,1.470
L1,L24-L34,2or9,15G,1h0d,15G,87.5,1.372
L1,L24-L34,1h0d,15G,2or9,15G,87.5,1.372
L1,L24-L34,1h0d,15G,1ejo,15G,87.5,1.215
L1,L24-L34,1h0d,15G,3bsz,15G,87.5,1.306
L1,L24-L34,1h0d,15G,2gcy,15G,87.5,0.979
L1,L24-L34,1h0d,15G,1it9,15G,87.5,1.174
L1,L24-L34,1ejo,15G,3bsz,15G,100.0,0.978
L1,L24-L34,2r29,15H,1ejo,15G,87.5,1.730
L1,L24-L34,2r29,15H,3bsz,15G,87.5,1.816
L1,L24-L34,32c2,15E,2gsi,15A,92.0,3.116
L1,L24-L34,1a7q,11A,1kir,11A,91.3,0.823
L1,L24-L34,1a7q,11A,1a7r,11A,91.3,0.623
L1,L24-L34,1a7q,11A,1a7n,11A,91.3,0.739
L1,L24-L34,1a7q,11A,1a7o,11A,91.3,0.612
L1,L24-L34,1a7q,11A,1a7p,11A,91.3,0.622
L1,L24-L34,1a7q,11A,1kip,11A,91.3,0.838
L1,L24-L34,1a7q,11A,1kiq,11A,91.3,0.793
L1,L24-L34,1a7q,11A,1a2y,11A,91.3,0.883
L1,L24-L34,1kir,11A,1a7r,11A,100.0,0.512
L1,L24-L34,1kir,11A,1a7n,11A,100.0,0.649
L1,L24-L34,1kir,11A,1a7o,11A,100.0,0.527
L1,L24-L34,1kir,11A,1a7p,11A,100.0,0.513
L1,L24-L34,1kir,11A,1kip,11A,100.0,0.190
L1,L24-L34,1kir,11A,1kiq,11A,100.0,0.317
L1,L24-L34,1kir,11A,1a2y,11A,100.0,1.385
L1,L24-L34,1a7r,11A,1kir,11A,100.0,0.512
L1,L24-L34,1a7r,11A,1a7n,11A,100.0,0.427
L1,L24-L34,1a7r,11A,1a7o,11A,100.0,0.175
L1,L24-L34,1a7r,11A,1a7p,11A,100.0,0.162
L1,L24-L34,1a7r,11A,1kip,11A,100.0,0.535
L1,L24-L34,1a7r,11A,1kiq,11A,100.0,0.467
L1,L24-L34,1a7r,11A,1a2y,11A,100.0,0.582
L1,L24-L34,1a7n,11A,1kir,11A,100.0,0.649
L1,L24-L34,1a7n,11A,1a7r,11A,100.0,0.427
L1,L24-L34,1a7n,11A,1a7o,11A,100.0,0.439
L1,L24-L34,1a7n,11A,1a7p,11A,100.0,0.440
L1,L24-L34,1a7n,11A,1kip,11A,100.0,0.666
L1,L24-L34,1a7n,11A,1kiq,11A,100.0,0.629
L1,L24-L34,1a7n,11A,1a2y,11A,100.0,0.713
L1,L24-L34,1a7o,11A,1kir,11A,100.0,0.527
L1,L24-L34,1a7o,11A,1a7r,11A,100.0,0.175
L1,L24-L34,1a7o,11A,1a7n,11A,100.0,0.439
L1,L24-L34,1a7o,11A,1a7p,11A,100.0,0.186
L1,L24-L34,1a7o,11A,1kip,11A,100.0,0.565
L1,L24-L34,1a7o,11A,1kiq,11A,100.0,0.516
L1,L24-L34,1a7o,11A,1a2y,11A,100.0,0.610
L1,L24-L34,1a7p,11A,1kir,11A,100.0,0.513
L1,L24-L34,1a7p,11A,1a7r,11A,100.0,0.162
L1,L24-L34,1a7p,11A,1a7n,11A,100.0,0.440
L1,L24-L34,1a7p,11A,1a7o,11A,100.0,0.186
L1,L24-L34,1a7p,11A,1kip,11A,100.0,0.531
L1,L24-L34,1a7p,11A,1kiq,11A,100.0,0.481
L1,L24-L34,1a7p,11A,1a2y,11A,100.0,0.607
L1,L24-L34,1kip,11A,1kir,11A,100.0,0.190
L1,L24-L34,1kip,11A,1a7r,11A,100.0,0.535
L1,L24-L34,1kip,11A,1a7n,11A,100.0,0.666
L1,L24-L34,1kip,11A,1a7o,11A,100.0,0.565
L1,L24-L34,1kip,11A,1a7p,11A,100.0,0.531
L1,L24-L34,1kip,11A,1kiq,11A,100.0,0.335
L1,L24-L34,1kip,11A,1a2y,11A,100.0,1.333
L1,L24-L34,1kiq,11A,1kir,11A,100.0,0.317
L1,L24-L34,1kiq,11A,1a7r,11A,100.0,0.467
L1,L24-L34,1kiq,11A,1a7n,11A,100.0,0.629
L1,L24-L34,1kiq,11A,1a7o,11A,100.0,0.516
L1,L24-L34,1kiq,11A,1a7p,11A,100.0,0.481
L1,L24-L34,1kiq,11A,1kip,11A,100.0,0.335
L1,L24-L34,1kiq,11A,1a2y,11A,100.0,1.396
L1,L24-L34,1a2y,11A,1kir,11A,100.0,1.385
L1,L24-L34,1a2y,11A,1a7r,11A,100.0,0.582
L1,L24-L34,1a2y,11A,1a7n,11A,100.0,0.713
L1,L24-L34,1a2y,11A,1a7o,11A,100.0,0.610
L1,L24-L34,1a2y,11A,1a7p,11A,100.0,0.607
L1,L24-L34,1a2y,11A,1kip,11A,100.0,1.333
L1,L24-L34,1a2y,11A,1kiq,11A,100.0,1.396
L1,L24-L34,1i9r,15H,1nsn,15I,83.3,2.078
L1,L24-L34,1ndg,11A,1dqj,11A,100.0,0.571
L1,L24-L34,1ndg,11A,1dqm,11A,100.0,0.786
L1,L24-L34,1dqj,11A,1ndg,11A,100.0,0.571
L1,L24-L34,1dqj,11A,1dqm,11A,100.0,1.621
L1,L24-L34,1dqm,11A,1ndg,11A,100.0,0.786
L1,L24-L34,1dqm,11A,1dqj,11A,100.0,1.621
L1,L24-L34,2dqi,11A,1j1o,11A,100.0,0.516
L1,L24-L34,2dqi,11A,1ic4,11A,100.0,0.712
L1,L24-L34,2dqi,11A,2dqf,11A,100.0,1.140
L1,L24-L34,2dqi,11A,2dqc,11A,100.0,0.452
L1,L24-L34,2dqi,11A,2dqd,11A,100.0,0.571
L1,L24-L34,2dqi,11A,2dqe,11A,100.0,0.456
L1,L24-L34,2dqi,11A,1ua6,11A,100.0,0.959
L1,L24-L34,2dqi,11A,1ic5,11A,100.0,0.688
L1,L24-L34,2dqi,11A,3hfm,11A,100.0,1.530
L1,L24-L34,1j1o,11A,2dqi,11A,100.0,0.516
L1,L24-L34,1j1o,11A,1ic4,11A,100.0,0.897
L1,L24-L34,1j1o,11A,2dqf,11A,100.0,1.204
L1,L24-L34,1j1o,11A,2dqc,11A,100.0,0.680
L1,L24-L34,1j1o,11A,2dqd,11A,100.0,0.775
L1,L24-L34,1j1o,11A,2dqe,11A,100.0,0.671
L1,L24-L34,1j1o,11A,1ua6,11A,100.0,1.049
L1,L24-L34,1j1o,11A,1ic5,11A,100.0,0.821
L1,L24-L34,1j1o,11A,3hfm,11A,100.0,1.600
L1,L24-L34,1j1p,11A,2dqi,11A,95.7,0.613
L1,L24-L34,1j1p,11A,1j1o,11A,95.7,0.820
L1,L24-L34,1j1p,11A,1ic4,11A,95.7,0.502
L1,L24-L34,1j1p,11A,2dqf,11A,95.7,1.303
L1,L24-L34,1j1p,11A,2dqc,11A,95.7,0.633
L1,L24-L34,1j1p,11A,2dqd,11A,95.7,0.447
L1,L24-L34,1j1p,11A,2dqe,11A,95.7,0.553
L1,L24-L34,1j1p,11A,1ua6,11A,95.7,1.240
L1,L24-L34,1j1p,11A,1ic5,11A,95.7,0.590
L1,L24-L34,1j1p,11A,3hfm,11A,95.7,1.337
L1,L24-L34,1j1x,11A,2dqi,11A,95.7,0.717
L1,L24-L34,1j1x,11A,1j1o,11A,95.7,0.857
L1,L24-L34,1j1x,11A,1ic4,11A,95.7,0.575
L1,L24-L34,1j1x,11A,2dqf,11A,95.7,1.241
L1,L24-L34,1j1x,11A,2dqc,11A,95.7,0.643
L1,L24-L34,1j1x,11A,2dqd,11A,95.7,0.486
L1,L24-L34,1j1x,11A,2dqe,11A,95.7,0.609
L1,L24-L34,1j1x,11A,1ua6,11A,95.7,1.193
L1,L24-L34,1j1x,11A,1ic5,11A,95.7,0.497
L1,L24-L34,1j1x,11A,3hfm,11A,95.7,1.389
L1,L24-L34,1ic4,11A,2dqi,11A,100.0,0.712
L1,L24-L34,1ic4,11A,1j1o,11A,100.0,0.897
L1,L24-L34,1ic4,11A,2dqf,11A,100.0,1.369
L1,L24-L34,1ic4,11A,2dqc,11A,100.0,0.749
L1,L24-L34,1ic4,11A,2dqd,11A,100.0,0.473
L1,L24-L34,1ic4,11A,2dqe,11A,100.0,0.586
L1,L24-L34,1ic4,11A,1ua6,11A,100.0,1.299
L1,L24-L34,1ic4,11A,1ic5,11A,100.0,0.491
L1,L24-L34,1ic4,11A,3hfm,11A,100.0,1.316
L1,L24-L34,2dqf,11A,2dqi,11A,100.0,1.140
L1,L24-L34,2dqf,11A,1j1o,11A,100.0,1.204
L1,L24-L34,2dqf,11A,1ic4,11A,100.0,1.369
L1,L24-L34,2dqf,11A,2dqc,11A,100.0,1.073
L1,L24-L34,2dqf,11A,2dqd,11A,100.0,1.290
L1,L24-L34,2dqf,11A,2dqe,11A,100.0,1.325
L1,L24-L34,2dqf,11A,1ua6,11A,100.0,0.561
L1,L24-L34,2dqf,11A,1ic5,11A,100.0,1.189
L1,L24-L34,2dqf,11A,3hfm,11A,100.0,1.679
L1,L24-L34,2dqc,11A,2dqi,11A,100.0,0.452
L1,L24-L34,2dqc,11A,1j1o,11A,100.0,0.680
L1,L24-L34,2dqc,11A,1ic4,11A,100.0,0.749
L1,L24-L34,2dqc,11A,2dqf,11A,100.0,1.073
L1,L24-L34,2dqc,11A,2dqd,11A,100.0,0.674
L1,L24-L34,2dqc,11A,2dqe,11A,100.0,0.623
L1,L24-L34,2dqc,11A,1ua6,11A,100.0,0.942
L1,L24-L34,2dqc,11A,1ic5,11A,100.0,0.595
L1,L24-L34,2dqc,11A,3hfm,11A,100.0,1.414
L1,L24-L34,2dqd,11A,2dqi,11A,100.0,0.571
L1,L24-L34,2dqd,11A,1j1o,11A,100.0,0.775
L1,L24-L34,2dqd,11A,1ic4,11A,100.0,0.473
L1,L24-L34,2dqd,11A,2dqf,11A,100.0,1.290
L1,L24-L34,2dqd,11A,2dqc,11A,100.0,0.674
L1,L24-L34,2dqd,11A,2dqe,11A,100.0,0.399
L1,L24-L34,2dqd,11A,1ua6,11A,100.0,1.223
L1,L24-L34,2dqd,11A,1ic5,11A,100.0,0.575
L1,L24-L34,2dqd,11A,3hfm,11A,100.0,1.372
L1,L24-L34,2dqe,11A,2dqi,11A,100.0,0.456
L1,L24-L34,2dqe,11A,1j1o,11A,100.0,0.671
L1,L24-L34,2dqe,11A,1ic4,11A,100.0,0.586
L1,L24-L34,2dqe,11A,2dqf,11A,100.0,1.325
L1,L24-L34,2dqe,11A,2dqc,11A,100.0,0.623
L1,L24-L34,2dqe,11A,2dqd,11A,100.0,0.399
L1,L24-L34,2dqe,11A,1ua6,11A,100.0,1.174
L1,L24-L34,2dqe,11A,1ic5,11A,100.0,0.646
L1,L24-L34,2dqe,11A,3hfm,11A,100.0,1.538
L1,L24-L34,1ua6,11A,2dqi,11A,100.0,0.959
L1,L24-L34,1ua6,11A,1j1o,11A,100.0,1.049
L1,L24-L34,1ua6,11A,1ic4,11A,100.0,1.299
L1,L24-L34,1ua6,11A,2dqf,11A,100.0,0.561
L1,L24-L34,1ua6,11A,2dqc,11A,100.0,0.942
L1,L24-L34,1ua6,11A,2dqd,11A,100.0,1.223
L1,L24-L34,1ua6,11A,2dqe,11A,100.0,1.174
L1,L24-L34,1ua6,11A,1ic5,11A,100.0,1.064
L1,L24-L34,1ua6,11A,3hfm,11A,100.0,1.792
L1,L24-L34,1ic5,11A,2dqi,11A,100.0,0.688
L1,L24-L34,1ic5,11A,1j1o,11A,100.0,0.821
L1,L24-L34,1ic5,11A,1ic4,11A,100.0,0.491
L1,L24-L34,1ic5,11A,2dqf,11A,100.0,1.189
L1,L24-L34,1ic5,11A,2dqc,11A,100.0,0.595
L1,L24-L34,1ic5,11A,2dqd,11A,100.0,0.575
L1,L24-L34,1ic5,11A,2dqe,11A,100.0,0.646
L1,L24-L34,1ic5,11A,1ua6,11A,100.0,1.064
L1,L24-L34,1ic5,11A,3hfm,11A,100.0,1.327
L1,L24-L34,3hfm,11A,2dqi,11A,100.0,1.530
L1,L24-L34,3hfm,11A,1j1o,11A,100.0,1.600
L1,L24-L34,3hfm,11A,1ic4,11A,100.0,1.316
L1,L24-L34,3hfm,11A,2dqf,11A,100.0,1.679
L1,L24-L34,3hfm,11A,2dqc,11A,100.0,1.414
L1,L24-L34,3hfm,11A,2dqd,11A,100.0,1.372
L1,L24-L34,3hfm,11A,2dqe,11A,100.0,1.538
L1,L24-L34,3hfm,11A,1ua6,11A,100.0,1.792
L1,L24-L34,3hfm,11A,1ic5,11A,100.0,1.327
L1,L24-L34,2fd6,10A,1e6j,10A,94.1,0.918
L1,L24-L34,1ggi,15A,1ejo,15G,87.5,1.829
L1,L24-L34,1ggi,15A,3bsz,15G,87.5,1.912
L1,L24-L34,3dv4,17A,3dus,17A,100.0,1.004
L1,L24-L34,3dus,17A,3dv4,17A,100.0,1.004
L1,L24-L34,3bsz,15G,1ejo,15G,100.0,0.978
L1,L24-L34,1nsn,15I,1i9r,15H,84.0,2.078
L1,L24-L34,1cf8,12C,1ken,12C,81.8,1.278
L1,L24-L34,1q9o,17A,2zuq,17B,100.0,1.820
L1,L24-L34,1q9o,17A,1q9k,17A,100.0,1.375
L1,L24-L34,1q9o,17A,3dur,17A,100.0,1.499
L1,L24-L34,2zuq,17B,1q9k,17A,100.0,1.730
L1,L24-L34,2zuq,17B,3dur,17A,100.0,1.733
L1,L24-L34,1q9k,17A,1q9o,17A,100.0,1.375
L1,L24-L34,1q9k,17A,2zuq,17B,100.0,1.730
L1,L24-L34,1q9k,17A,3dur,17A,100.0,1.600
L1,L24-L34,1mhh,17A,1q9o,17A,90.5,1.251
L1,L24-L34,1mhh,17A,2zuq,17B,90.5,1.938
L1,L24-L34,1mhh,17A,1q9k,17A,90.5,1.447
L1,L24-L34,1mhh,17A,1il1,17A,90.5,1.488
L1,L24-L34,1mhh,17A,3gi8,17B,90.5,1.045
L1,L24-L34,1mhh,17A,3dur,17A,90.5,1.308
L1,L24-L34,1mhh,17A,1h3p,17A,90.5,1.950
L1,L24-L34,1il1,17A,1q9o,17A,90.5,1.244
L1,L24-L34,1il1,17A,2zuq,17B,90.5,1.318
L1,L24-L34,1il1,17A,1q9k,17A,90.5,1.157
L1,L24-L34,1il1,17A,1mhh,17A,90.5,1.488
L1,L24-L34,1il1,17A,1sbs,17A,90.5,1.332
L1,L24-L34,1il1,17A,3gi8,17B,90.5,1.269
L1,L24-L34,1il1,17A,3dur,17A,90.5,1.497
L1,L24-L34,1il1,17A,1h3p,17A,90.5,1.085
L1,L24-L34,1sbs,17A,1il1,17A,90.5,1.332
L1,L24-L34,1sbs,17A,3gi8,17B,90.5,1.371
L1,L24-L34,1sbs,17A,1h3p,17A,90.5,0.878
L1,L24-L34,1sbs,17A,1mcp,17A,90.5,1.120
L1,L24-L34,3bz4,16A,3c5s,16A,100.0,1.043
L1,L24-L34,3c5s,16A,3bz4,16A,100.0,1.043
L1,L24-L34,1xgy,16A,1uz6,16A,95.5,1.560
L1,L24-L34,1xgy,16A,3cfb,16A,95.5,1.520
L1,L24-L34,1uz6,16A,3cfb,16A,100.0,1.534
L1,L24-L34,3cfb,16A,1uz6,16A,100.0,1.534
L1,L24-L34,1ae6,16A,1mh5,16A,95.5,1.585
L1,L24-L34,1ae6,16A,1mie,16A,95.5,1.543
L1,L24-L34,1q72,16A,1mh5,16A,95.5,1.111
L1,L24-L34,1q72,16A,1mie,16A,95.5,0.991
L1,L24-L34,1mh5,16A,1mie,16A,100.0,0.708
L1,L24-L34,3gk8,11A,1fve,11A,87.0,0.817
L1,L24-L34,3gk8,11A,1fvd,11A,87.0,0.664
L1,L24-L34,3gk8,11A,1fvc,11A,87.0,0.686
L1,L24-L34,3gk8,11A,1n8z,11A,87.0,0.843
L1,L24-L34,3gk8,11A,1iai_1,11A,87.0,1.220
L1,L24-L34,1cic_1,11A,1iai_1,11A,82.6,1.389
L1,L24-L34,1ztx,11A,1ncb,11A,91.3,0.735
L1,L24-L34,1ztx,11A,1nca,11A,91.3,0.736
L1,L24-L34,1iai_1,11A,1ncb,11A,95.7,1.247
L1,L24-L34,1iai_1,11A,1nca,11A,95.7,1.181
L1,L24-L34,2nr6,11A,1iai_1,11A,91.3,1.205
L1,L24-L34,1acy,15G,1ejo,15G,91.7,1.506
L1,L24-L34,1acy,15G,3bsz,15G,91.7,1.593
L1,L24-L34,1rz8,11A,2i60,11A,100.0,1.503
L1,L24-L34,2i60,11A,1rz8,11A,100.0,1.503
L1,L24-L34,1ncb,11A,1nca,11A,100.0,0.467
L1,L24-L34,1nca,11A,1ncb,11A,100.0,0.467
L1,L24-L34,1kcv,11A,1uyw,11A,91.3,0.792
L1,L24-L34,1wt5,16A,2z4q,16A,95.5,0.941
L1,L24-L34,1yec,16A,1yed,16A,95.5,1.121
L1,L24-L34,1yec,16A,1yee,16A,95.5,0.468
L1,L24-L34,1yed,16A,1yee,16A,100.0,1.117
L1,L24-L34,1yee,16A,1yed,16A,100.0,1.117
L1,L24-L34,3gi8,17B,2zuq,17B,91.3,1.360
L1,L24-L34,3gi8,17B,1q9k,17A,91.3,1.173
L1,L24-L34,3gi8,17B,1mhh,17A,91.3,1.045
L1,L24-L34,3gi8,17B,1sbs,17A,91.3,1.371
L1,L24-L34,3gi8,17B,3dur,17A,91.3,1.275
L1,L24-L34,3gi8,17B,1h3p,17A,91.3,1.359
L1,L24-L34,3gi8,17B,43c9,17A,91.3,1.601
L1,L24-L34,3dur,17A,1q9o,17A,100.0,1.499
L1,L24-L34,3dur,17A,2zuq,17B,100.0,1.733
L1,L24-L34,3dur,17A,1q9k,17A,100.0,1.600
L1,L24-L34,1h3p,17A,1q9o,17A,95.2,1.905
L1,L24-L34,1h3p,17A,2zuq,17B,95.2,1.771
L1,L24-L34,1h3p,17A,1q9k,17A,95.2,1.277
L1,L24-L34,1h3p,17A,3gi8,17B,95.2,1.359
L1,L24-L34,1h3p,17A,3dur,17A,95.2,1.755
L1,L24-L34,2r56,11A,1dfb,11A,87.0,1.116
L1,L24-L34,2d7t,11A,1rjl,11A,78.3,0.886
L1,L24-L34,2d7t,11A,3gk8,11A,78.3,1.148
L1,L24-L34,2d7t,11A,2r56,11A,78.3,1.188
L1,L24-L34,1mcp,17A,1mvu,17A,95.2,1.418
L1,L24-L34,1mcp,17A,1ap2,17A,95.2,1.617
L1,L24-L34,1mcp,17A,1hil,17A,95.2,1.111
L1,L24-L34,1mvu,17A,1ap2,17A,100.0,1.090
L1,L24-L34,1mvu,17A,1hil,17A,100.0,1.246
L1,L24-L34,1ap2,17A,1mvu,17A,100.0,1.090
L1,L24-L34,1ap2,17A,1hil,17A,100.0,1.271
L1,L24-L34,1hil,17A,1mvu,17A,100.0,1.246
L1,L24-L34,1hil,17A,1ap2,17A,100.0,1.271
L1,L24-L34,1a5f,17A,1a3r,17A,100.0,1.067
L1,L24-L34,1a3r,17A,1a5f,17A,100.0,1.067
L1,L24-L34,3cle,11A,3clf,11A,100.0,0.494
L1,L24-L34,3clf,11A,3cle,11A,100.0,0.494
L1,L24-L34,12e8,11A,3cle,11A,95.7,0.844
L1,L24-L34,12e8,11A,3clf,11A,95.7,0.696
L1,L24-L34,12e8,11A,1ngx,11A,95.7,0.819
L1,L24-L34,12e8,11A,1ngw,11A,95.7,0.880
L1,L24-L34,3cmo,11A,1hys,11A,91.3,0.629
L1,L24-L34,3cmo,11A,1n5y,11A,91.3,0.801
L1,L24-L34,1ob1,12B,1ors,12C,81.8,2.194
L1,L24-L34,1mnu,16A,1qkz,16A,95.5,1.386
L1,L24-L34,1f11,15G,1it9,15G,95.8,1.897
L1,L24-L34,2i9l,17A,1q9o,17A,95.2,1.785
L1,L24-L34,2i9l,17A,2zuq,17B,95.2,2.001
L1,L24-L34,2i9l,17A,1q9k,17A,95.2,1.523
L1,L24-L34,2i9l,17A,3dur,17A,95.2,1.836
L1,L24-L34,3e8u,15G,1f11,15G,91.7,0.973
L1,L24-L34,3e8u,15G,1it9,15G,91.7,1.624
L1,L24-L34,1uwe,11A,1uwg,11A,87.0,0.948
L1,L24-L34,1lk3,11A,3giz,11A,73.9,0.467
L1,L24-L34,1lk3,11A,3eyq,11A,73.9,0.676
L1,L24-L34,1lo4,16A,1lo0,16A,90.9,0.454
L1,L24-L34,2g60,16A,1clz,16E,86.4,2.072
L1,L24-L34,2g60,16A,2a1w,16A,86.4,1.397
L1,L24-L34,2g60,16A,2ipt,16A,86.4,1.291
L1,L24-L34,2g60,16A,2iqa,16A,86.4,1.161
L1,L24-L34,2g60,16A,3eys,16A,86.4,1.047
L1,L24-L34,2g60,16A,2ddq,16A,86.4,1.324
L1,L24-L34,2g60,16A,2ipu,16A,86.4,1.134
L1,L24-L34,2g60,16A,2iq9,16A,86.4,1.362
L1,L24-L34,2g60,16A,2dqu,16A,86.4,1.219
L1,L24-L34,2g60,16A,2pcp,16A,86.4,0.753
L1,L24-L34,2g60,16A,1lo0,16A,86.4,0.688
L1,L24-L34,2g60,16A,1cly,16E,86.4,1.980
L1,L24-L34,2g60,16A,2uud,16A,86.4,1.198
L1,L24-L34,2g60,16A,2cju,16A,86.4,1.043
L1,L24-L34,1clz,16E,1cly,16E,100.0,0.999
L1,L24-L34,2a1w,16A,2ipt,16A,100.0,1.028
L1,L24-L34,2a1w,16A,2iqa,16A,100.0,0.949
L1,L24-L34,2a1w,16A,3eys,16A,100.0,1.241
L1,L24-L34,2a1w,16A,2ddq,16A,100.0,0.829
L1,L24-L34,2a1w,16A,2ipu,16A,100.0,1.244
L1,L24-L34,2a1w,16A,2iq9,16A,100.0,0.894
L1,L24-L34,2a1w,16A,2uud,16A,100.0,1.129
L1,L24-L34,2a1w,16A,2cju,16A,100.0,1.207
L1,L24-L34,3bae,16A,2a1w,16A,90.9,1.371
L1,L24-L34,3bae,16A,2ipt,16A,90.9,1.149
L1,L24-L34,3bae,16A,2iqa,16A,90.9,1.086
L1,L24-L34,3bae,16A,3eys,16A,90.9,0.885
L1,L24-L34,3bae,16A,2ddq,16A,90.9,1.370
L1,L24-L34,3bae,16A,2ipu,16A,90.9,0.929
L1,L24-L34,3bae,16A,2iq9,16A,90.9,1.244
L1,L24-L34,3bae,16A,2uud,16A,90.9,1.218
L1,L24-L34,3bae,16A,2cju,16A,90.9,1.197
L1,L24-L34,1tet,16A,2a1w,16A,95.5,0.838
L1,L24-L34,1tet,16A,2ipt,16A,95.5,0.918
L1,L24-L34,1tet,16A,2iqa,16A,95.5,0.840
L1,L24-L34,1tet,16A,3eys,16A,95.5,0.928
L1,L24-L34,1tet,16A,2ddq,16A,95.5,0.815
L1,L24-L34,1tet,16A,2ipu,16A,95.5,0.971
L1,L24-L34,1tet,16A,2iq9,16A,95.5,0.899
L1,L24-L34,1tet,16A,2uud,16A,95.5,0.964
L1,L24-L34,1tet,16A,2cju,16A,95.5,0.885
L1,L24-L34,2jel,16A,2a1w,16A,90.9,1.142
L1,L24-L34,2jel,16A,2ipt,16A,90.9,0.870
L1,L24-L34,2jel,16A,2iqa,16A,90.9,0.821
L1,L24-L34,2jel,16A,3eys,16A,90.9,0.853
L1,L24-L34,2jel,16A,2ddq,16A,90.9,1.147
L1,L24-L34,2jel,16A,2ipu,16A,90.9,0.870
L1,L24-L34,2jel,16A,2iq9,16A,90.9,0.904
L1,L24-L34,2jel,16A,2uud,16A,90.9,0.936
L1,L24-L34,2jel,16A,2cju,16A,90.9,1.143
L1,L24-L34,2ipt,16A,2a1w,16A,100.0,1.028
L1,L24-L34,2ipt,16A,2iqa,16A,100.0,0.669
L1,L24-L34,2ipt,16A,3eys,16A,100.0,0.804
L1,L24-L34,2ipt,16A,2ddq,16A,100.0,1.295
L1,L24-L34,2ipt,16A,2ipu,16A,100.0,0.795
L1,L24-L34,2ipt,16A,2iq9,16A,100.0,0.563
L1,L24-L34,2ipt,16A,2uud,16A,100.0,0.985
L1,L24-L34,2ipt,16A,2cju,16A,100.0,1.417
L1,L24-L34,2iqa,16A,2a1w,16A,100.0,0.949
L1,L24-L34,2iqa,16A,2ipt,16A,100.0,0.669
L1,L24-L34,2iqa,16A,3eys,16A,100.0,0.786
L1,L24-L34,2iqa,16A,2ddq,16A,100.0,1.130
L1,L24-L34,2iqa,16A,2ipu,16A,100.0,0.827
L1,L24-L34,2iqa,16A,2iq9,16A,100.0,0.693
L1,L24-L34,2iqa,16A,2uud,16A,100.0,1.067
L1,L24-L34,2iqa,16A,2cju,16A,100.0,1.228
L1,L24-L34,3eys,16A,2a1w,16A,100.0,1.241
L1,L24-L34,3eys,16A,2ipt,16A,100.0,0.804
L1,L24-L34,3eys,16A,2iqa,16A,100.0,0.786
L1,L24-L34,3eys,16A,2ddq,16A,100.0,1.401
L1,L24-L34,3eys,16A,2ipu,16A,100.0,0.300
L1,L24-L34,3eys,16A,2iq9,16A,100.0,0.866
L1,L24-L34,3eys,16A,2uud,16A,100.0,1.151
L1,L24-L34,3eys,16A,2cju,16A,100.0,1.265
L1,L24-L34,2ddq,16A,2a1w,16A,100.0,0.829
L1,L24-L34,2ddq,16A,2ipt,16A,100.0,1.295
L1,L24-L34,2ddq,16A,2iqa,16A,100.0,1.130
L1,L24-L34,2ddq,16A,3eys,16A,100.0,1.401
L1,L24-L34,2ddq,16A,2ipu,16A,100.0,1.431
L1,L24-L34,2ddq,16A,2iq9,16A,100.0,1.158
L1,L24-L34,2ddq,16A,2uud,16A,100.0,1.266
L1,L24-L34,2ddq,16A,2cju,16A,100.0,0.937
L1,L24-L34,2ipu,16A,2a1w,16A,100.0,1.244
L1,L24-L34,2ipu,16A,2ipt,16A,100.0,0.795
L1,L24-L34,2ipu,16A,2iqa,16A,100.0,0.827
L1,L24-L34,2ipu,16A,3eys,16A,100.0,0.300
L1,L24-L34,2ipu,16A,2ddq,16A,100.0,1.431
L1,L24-L34,2ipu,16A,2iq9,16A,100.0,0.858
L1,L24-L34,2ipu,16A,2uud,16A,100.0,1.083
L1,L24-L34,2ipu,16A,2cju,16A,100.0,1.359
L1,L24-L34,2iq9,16A,2a1w,16A,100.0,0.894
L1,L24-L34,2iq9,16A,2ipt,16A,100.0,0.563
L1,L24-L34,2iq9,16A,2iqa,16A,100.0,0.693
L1,L24-L34,2iq9,16A,3eys,16A,100.0,0.866
L1,L24-L34,2iq9,16A,2ddq,16A,100.0,1.158
L1,L24-L34,2iq9,16A,2ipu,16A,100.0,0.858
L1,L24-L34,2iq9,16A,2uud,16A,100.0,1.069
L1,L24-L34,2iq9,16A,2cju,16A,100.0,1.424
L1,L24-L34,2dqu,16A,2a1w,16A,95.5,1.218
L1,L24-L34,2dqu,16A,2ipt,16A,95.5,0.889
L1,L24-L34,2dqu,16A,2iqa,16A,95.5,0.899
L1,L24-L34,2dqu,16A,3eys,16A,95.5,0.488
L1,L24-L34,2dqu,16A,2ddq,16A,95.5,1.490
L1,L24-L34,2dqu,16A,2ipu,16A,95.5,0.338
L1,L24-L34,2dqu,16A,2iq9,16A,95.5,0.926
L1,L24-L34,2dqu,16A,2pcp,16A,95.5,1.199
L1,L24-L34,2dqu,16A,1lo0,16A,95.5,1.126
L1,L24-L34,2dqu,16A,2uud,16A,95.5,1.045
L1,L24-L34,2dqu,16A,2cju,16A,95.5,1.418
L1,L24-L34,2pcp,16A,2dqu,16A,95.5,1.199
L1,L24-L34,1lo0,16A,2dqu,16A,95.5,1.126
L1,L24-L34,2v17,11A,1jhl,11A,78.3,1.532
L1,L24-L34,1m71,16A,1igi,16A,95.5,1.013
L1,L24-L34,1tpx,16A,1dba,16A,95.5,0.995
L1,L24-L34,1tpx,16A,1plg,16A,95.5,0.871
L1,L24-L34,1tpx,16A,2w60,16A,95.5,0.739
L1,L24-L34,1tpx,16A,1nld,16A,95.5,1.142
L1,L24-L34,1tpx,16A,2c1o,16A,95.5,1.274
L1,L24-L34,1tpx,16A,2c1p,16A,95.5,1.081
L1,L24-L34,1dba,16A,1tpx,16A,95.5,0.995
L1,L24-L34,1dba,16A,1rmf,16A,95.5,1.158
L1,L24-L34,1dba,16A,2h1p,16A,95.5,1.159
L1,L24-L34,1dba,16A,1cbv,16B,95.5,1.834
L1,L24-L34,1dba,16A,1mre,16A,95.5,1.104
L1,L24-L34,1dba,16A,1mrc,16A,95.5,0.948
L1,L24-L34,1dba,16A,1mrd,16A,95.5,0.963
L1,L24-L34,1dba,16A,1t66,16A,95.5,0.916
L1,L24-L34,1dba,16A,2hkf,16A,95.5,1.063
L1,L24-L34,1dba,16A,2hkh,16A,95.5,1.066
L1,L24-L34,1dba,16A,4fab,16B,95.5,1.832
L1,L24-L34,1dba,16A,1dlf,16A,95.5,1.225
L1,L24-L34,1dba,16A,1kfa,16A,95.5,0.991
L1,L24-L34,1ncw,16A,1ru9,16A,100.0,0.336
L1,L24-L34,1ru9,16A,1ncw,16A,100.0,0.336
L1,L24-L34,1rmf,16A,2h1p,16A,100.0,1.185
L1,L24-L34,1rmf,16A,1cbv,16B,100.0,1.682
L1,L24-L34,1rmf,16A,1mre,16A,100.0,1.141
L1,L24-L34,1rmf,16A,1mrc,16A,100.0,0.795
L1,L24-L34,1rmf,16A,1mrd,16A,100.0,0.825
L1,L24-L34,1rmf,16A,1t66,16A,100.0,1.035
L1,L24-L34,1rmf,16A,2hkf,16A,100.0,0.874
L1,L24-L34,1rmf,16A,2hkh,16A,100.0,0.859
L1,L24-L34,1rmf,16A,4fab,16B,100.0,1.976
L1,L24-L34,1rmf,16A,1dlf,16A,100.0,1.165
L1,L24-L34,1rmf,16A,1kfa,16A,100.0,0.908
L1,L24-L34,2h1p,16A,1rmf,16A,100.0,1.185
L1,L24-L34,2h1p,16A,1cbv,16B,100.0,1.663
L1,L24-L34,2h1p,16A,1mre,16A,100.0,0.967
L1,L24-L34,2h1p,16A,1mrc,16A,100.0,0.906
L1,L24-L34,2h1p,16A,1mrd,16A,100.0,0.946
L1,L24-L34,2h1p,16A,1t66,16A,100.0,1.003
L1,L24-L34,2h1p,16A,2hkf,16A,100.0,1.041
L1,L24-L34,2h1p,16A,2hkh,16A,100.0,0.959
L1,L24-L34,2h1p,16A,4fab,16B,100.0,1.979
L1,L24-L34,2h1p,16A,1dlf,16A,100.0,1.061
L1,L24-L34,2h1p,16A,1kfa,16A,100.0,0.939
L1,L24-L34,1cbv,16B,1rmf,16A,100.0,1.682
L1,L24-L34,1cbv,16B,2h1p,16A,100.0,1.663
L1,L24-L34,1cbv,16B,1mre,16A,100.0,1.748
L1,L24-L34,1cbv,16B,1mrc,16A,100.0,1.732
L1,L24-L34,1cbv,16B,1mrd,16A,100.0,1.763
L1,L24-L34,1cbv,16B,1t66,16A,100.0,1.750
L1,L24-L34,1cbv,16B,2hkf,16A,100.0,1.725
L1,L24-L34,1cbv,16B,2hkh,16A,100.0,1.693
L1,L24-L34,1cbv,16B,4fab,16B,100.0,1.798
L1,L24-L34,1cbv,16B,1dlf,16A,100.0,1.834
L1,L24-L34,1cbv,16B,1kfa,16A,100.0,1.743
L1,L24-L34,1mre,16A,1rmf,16A,100.0,1.141
L1,L24-L34,1mre,16A,2h1p,16A,100.0,0.967
L1,L24-L34,1mre,16A,1cbv,16B,100.0,1.748
L1,L24-L34,1mre,16A,1mrc,16A,100.0,0.518
L1,L24-L34,1mre,16A,1mrd,16A,100.0,0.654
L1,L24-L34,1mre,16A,1t66,16A,100.0,0.885
L1,L24-L34,1mre,16A,2hkf,16A,100.0,0.958
L1,L24-L34,1mre,16A,2hkh,16A,100.0,0.938
L1,L24-L34,1mre,16A,4fab,16B,100.0,1.781
L1,L24-L34,1mre,16A,1dlf,16A,100.0,0.795
L1,L24-L34,1mre,16A,1kfa,16A,100.0,0.906
L1,L24-L34,1mrc,16A,1rmf,16A,100.0,0.795
L1,L24-L34,1mrc,16A,2h1p,16A,100.0,0.906
L1,L24-L34,1mrc,16A,1cbv,16B,100.0,1.732
L1,L24-L34,1mrc,16A,1mre,16A,100.0,0.518
L1,L24-L34,1mrc,16A,1mrd,16A,100.0,0.406
L1,L24-L34,1mrc,16A,1t66,16A,100.0,0.766
L1,L24-L34,1mrc,16A,2hkf,16A,100.0,0.771
L1,L24-L34,1mrc,16A,2hkh,16A,100.0,0.771
L1,L24-L34,1mrc,16A,4fab,16B,100.0,1.565
L1,L24-L34,1mrc,16A,1dlf,16A,100.0,0.633
L1,L24-L34,1mrc,16A,1kfa,16A,100.0,0.901
L1,L24-L34,1mrd,16A,1rmf,16A,100.0,0.825
L1,L24-L34,1mrd,16A,2h1p,16A,100.0,0.946
L1,L24-L34,1mrd,16A,1cbv,16B,100.0,1.763
L1,L24-L34,1mrd,16A,1mre,16A,100.0,0.654
L1,L24-L34,1mrd,16A,1mrc,16A,100.0,0.406
L1,L24-L34,1mrd,16A,1t66,16A,100.0,0.738
L1,L24-L34,1mrd,16A,2hkf,16A,100.0,0.756
L1,L24-L34,1mrd,16A,2hkh,16A,100.0,0.810
L1,L24-L34,1mrd,16A,4fab,16B,100.0,1.528
L1,L24-L34,1mrd,16A,1dlf,16A,100.0,0.687
L1,L24-L34,1mrd,16A,1kfa,16A,100.0,0.847
L1,L24-L34,1t66,16A,1rmf,16A,100.0,1.035
L1,L24-L34,1t66,16A,2h1p,16A,100.0,1.003
L1,L24-L34,1t66,16A,1cbv,16B,100.0,1.750
L1,L24-L34,1t66,16A,1mre,16A,100.0,0.885
L1,L24-L34,1t66,16A,1mrc,16A,100.0,0.766
L1,L24-L34,1t66,16A,1mrd,16A,100.0,0.738
L1,L24-L34,1t66,16A,2hkf,16A,100.0,0.991
L1,L24-L34,1t66,16A,2hkh,16A,100.0,1.003
L1,L24-L34,1t66,16A,4fab,16B,100.0,1.687
L1,L24-L34,1t66,16A,1dlf,16A,100.0,1.139
L1,L24-L34,1t66,16A,1kfa,16A,100.0,0.804
L1,L24-L34,2hkf,16A,1rmf,16A,100.0,0.874
L1,L24-L34,2hkf,16A,2h1p,16A,100.0,1.041
L1,L24-L34,2hkf,16A,1cbv,16B,100.0,1.725
L1,L24-L34,2hkf,16A,1mre,16A,100.0,0.958
L1,L24-L34,2hkf,16A,1mrc,16A,100.0,0.771
L1,L24-L34,2hkf,16A,1mrd,16A,100.0,0.756
L1,L24-L34,2hkf,16A,1t66,16A,100.0,0.991
L1,L24-L34,2hkf,16A,2hkh,16A,100.0,0.683
L1,L24-L34,2hkf,16A,4fab,16B,100.0,2.019
L1,L24-L34,2hkf,16A,1dlf,16A,100.0,1.248
L1,L24-L34,2hkf,16A,1kfa,16A,100.0,0.831
L1,L24-L34,2hkh,16A,1rmf,16A,100.0,0.859
L1,L24-L34,2hkh,16A,2h1p,16A,100.0,0.959
L1,L24-L34,2hkh,16A,1cbv,16B,100.0,1.693
L1,L24-L34,2hkh,16A,1mre,16A,100.0,0.938
L1,L24-L34,2hkh,16A,1mrc,16A,100.0,0.771
L1,L24-L34,2hkh,16A,1mrd,16A,100.0,0.810
L1,L24-L34,2hkh,16A,1t66,16A,100.0,1.003
L1,L24-L34,2hkh,16A,2hkf,16A,100.0,0.683
L1,L24-L34,2hkh,16A,4fab,16B,100.0,2.030
L1,L24-L34,2hkh,16A,1dlf,16A,100.0,1.093
L1,L24-L34,2hkh,16A,1kfa,16A,100.0,0.770
L1,L24-L34,1igi,16A,1m71,16A,95.5,1.013
L1,L24-L34,1igi,16A,1rmf,16A,95.5,0.907
L1,L24-L34,1igi,16A,2h1p,16A,95.5,1.125
L1,L24-L34,1igi,16A,1cbv,16B,95.5,1.722
L1,L24-L34,1igi,16A,1mre,16A,95.5,1.097
L1,L24-L34,1igi,16A,1mrc,16A,95.5,0.798
L1,L24-L34,1igi,16A,1mrd,16A,95.5,0.817
L1,L24-L34,1igi,16A,1t66,16A,95.5,0.859
L1,L24-L34,1igi,16A,2hkf,16A,95.5,0.900
L1,L24-L34,1igi,16A,2hkh,16A,95.5,0.775
L1,L24-L34,1igi,16A,1plg,16A,95.5,0.690
L1,L24-L34,1igi,16A,4fab,16B,95.5,1.819
L1,L24-L34,1igi,16A,1dlf,16A,95.5,1.275
L1,L24-L34,1igi,16A,1kfa,16A,95.5,0.918
L1,L24-L34,1igi,16A,2w60,16A,95.5,0.723
L1,L24-L34,1igi,16A,1nld,16A,95.5,0.684
L1,L24-L34,1plg,16A,2w60,16A,100.0,0.720
L1,L24-L34,1plg,16A,1nld,16A,100.0,0.683
L1,L24-L34,4fab,16B,1rmf,16A,100.0,1.976
L1,L24-L34,4fab,16B,2h1p,16A,100.0,1.979
L1,L24-L34,4fab,16B,1cbv,16B,100.0,1.798
L1,L24-L34,4fab,16B,1mre,16A,100.0,1.781
L1,L24-L34,4fab,16B,1mrc,16A,100.0,1.565
L1,L24-L34,4fab,16B,1mrd,16A,100.0,1.528
L1,L24-L34,4fab,16B,1t66,16A,100.0,1.687
L1,L24-L34,4fab,16B,2hkf,16A,100.0,2.019
L1,L24-L34,4fab,16B,2hkh,16A,100.0,2.030
L1,L24-L34,4fab,16B,1dlf,16A,100.0,1.823
L1,L24-L34,4fab,16B,1kfa,16A,100.0,1.851
L1,L24-L34,1fpt,16A,1rmf,16A,95.5,0.727
L1,L24-L34,1fpt,16A,2h1p,16A,95.5,0.859
L1,L24-L34,1fpt,16A,1cbv,16B,95.5,1.529
L1,L24-L34,1fpt,16A,1mre,16A,95.5,0.739
L1,L24-L34,1fpt,16A,1mrc,16A,95.5,0.580
L1,L24-L34,1fpt,16A,1mrd,16A,95.5,0.671
L1,L24-L34,1fpt,16A,1t66,16A,95.5,0.798
L1,L24-L34,1fpt,16A,2hkf,16A,95.5,0.907
L1,L24-L34,1fpt,16A,2hkh,16A,95.5,0.803
L1,L24-L34,1fpt,16A,4fab,16B,95.5,1.440
L1,L24-L34,1fpt,16A,1dlf,16A,95.5,0.583
L1,L24-L34,1fpt,16A,1kfa,16A,95.5,0.929
L1,L24-L34,1dlf,16A,1rmf,16A,100.0,1.165
L1,L24-L34,1dlf,16A,2h1p,16A,100.0,1.061
L1,L24-L34,1dlf,16A,1cbv,16B,100.0,1.834
L1,L24-L34,1dlf,16A,1mre,16A,100.0,0.795
L1,L24-L34,1dlf,16A,1mrc,16A,100.0,0.633
L1,L24-L34,1dlf,16A,1mrd,16A,100.0,0.687
L1,L24-L34,1dlf,16A,1t66,16A,100.0,1.139
L1,L24-L34,1dlf,16A,2hkf,16A,100.0,1.248
L1,L24-L34,1dlf,16A,2hkh,16A,100.0,1.093
L1,L24-L34,1dlf,16A,4fab,16B,100.0,1.823
L1,L24-L34,1dlf,16A,1kfa,16A,100.0,1.083
L1,L24-L34,1kfa,16A,1rmf,16A,100.0,0.908
L1,L24-L34,1kfa,16A,2h1p,16A,100.0,0.939
L1,L24-L34,1kfa,16A,1cbv,16B,100.0,1.743
L1,L24-L34,1kfa,16A,1mre,16A,100.0,0.906
L1,L24-L34,1kfa,16A,1mrc,16A,100.0,0.901
L1,L24-L34,1kfa,16A,1mrd,16A,100.0,0.847
L1,L24-L34,1kfa,16A,1t66,16A,100.0,0.804
L1,L24-L34,1kfa,16A,2hkf,16A,100.0,0.831
L1,L24-L34,1kfa,16A,2hkh,16A,100.0,0.770
L1,L24-L34,1kfa,16A,4fab,16B,100.0,1.851
L1,L24-L34,1kfa,16A,1dlf,16A,100.0,1.083
L1,L24-L34,1cu4,16A,1plg,16A,95.5,0.894
L1,L24-L34,1cu4,16A,2w60,16A,95.5,0.937
L1,L24-L34,1cu4,16A,1nld,16A,95.5,0.879
L1,L24-L34,2w60,16A,1plg,16A,100.0,0.720
L1,L24-L34,2w60,16A,1nld,16A,100.0,0.965
L1,L24-L34,1nld,16A,1plg,16A,100.0,0.683
L1,L24-L34,1nld,16A,2w60,16A,100.0,0.965
L1,L24-L34,43c9,17A,3gi8,17B,90.5,1.601
L1,L24-L34,2vxq,11A,1rzi,11A,78.3,1.146
L1,L24-L34,2vxq,11A,3hi6,11A,78.3,1.157
L1,L24-L34,1c5b,11A,1kno,11A,91.3,1.332
L1,L24-L34,1c5b,11A,2gfb,11A,91.3,1.006
L1,L24-L34,2vwe,11A,1r24,11A,95.7,1.539
L1,L24-L34,2vwe,11A,1bz7,11A,95.7,1.178
L1,L24-L34,2vwe,11A,1fbi,11A,95.7,1.148
L1,L24-L34,2vwe,11A,3cfd,11A,95.7,0.744
L1,L24-L34,2vwe,11A,1fai,11A,95.7,1.404
L1,L24-L34,2vwe,11A,2a6d,11A,95.7,1.140
L1,L24-L34,2fbj,10A,1e6j,10A,88.2,0.900
L1,L24-L34,1e6j,10A,2fd6,10A,94.1,0.918
L1,L24-L34,2nyy,15G,2gcy,15G,95.8,0.724
L1,L24-L34,2gcy,15G,1ejo,15G,95.8,1.194
L1,L24-L34,2gcy,15G,3bsz,15G,95.8,1.182
L1,L24-L34,2gcy,15G,2nyy,15G,95.8,0.724
L1,L24-L34,1dn0,12D,1u6a,12C,90.9,2.182
L1,L24-L34,1dn0,12D,1tzg,12D,90.9,0.644
L1,L24-L34,1dn0,12D,1rhh,12D,90.9,0.591
L1,L24-L34,3eyf,11A,3eyo,11A,100.0,1.314
L1,L24-L34,3eyo,11A,3eyf,11A,100.0,1.314
L1,L24-L34,3giz,11A,3eyq,11A,100.0,1.534
L1,L24-L34,3eyq,11A,3giz,11A,100.0,1.534
L1,L24-L34,1u6a,12C,1dn0,12D,90.9,2.182
L1,L24-L34,2ny7,12B,1dn0,12D,68.2,1.357
L1,L24-L34,1it9,15G,1f11,15G,95.8,1.897
L1,L24-L34,2agj,12D,1dn0,12D,86.4,0.706
L1,L24-L34,2agj,12D,1tzg,12D,86.4,0.937
L1,L24-L34,1tzg,12D,1dn0,12D,90.9,0.644
L1,L24-L34,1mie,16A,1mh5,16A,100.0,0.708
L1,L24-L34,3b2u,11A,1dfb,11A,82.6,1.701
L1,L24-L34,3b2u,11A,1iai_1,11A,82.6,0.815
L1,L24-L34,3b2u,11A,2r56,11A,82.6,1.465
L1,L24-L34,3b2u,11A,3cle,11A,82.6,0.698
L1,L24-L34,3b2u,11A,3clf,11A,82.6,0.741
L1,L24-L34,3b2u,11A,12e8,11A,82.6,0.526
L1,L24-L34,3b2u,11A,3giz,11A,82.6,1.436
L1,L24-L34,3b2u,11A,3eyq,11A,82.6,1.683
L1,L24-L34,3b2u,11A,1rzi,11A,82.6,1.359
L1,L24-L34,2vxv,11A,1rz8,11A,91.3,0.928
L1,L24-L34,2vxv,11A,2i60,11A,91.3,1.597
L1,L24-L34,2yss,11A,2eks,11A,100.0,1.129
L1,L24-L34,2eks,11A,2yss,11A,100.0,1.129
L1,L24-L34,1gc1,11A,1g9m,11A,100.0,0.637
L1,L24-L34,1g9m,11A,1gc1,11A,100.0,0.637
L1,L24-L34,1xf3,11A,1i8m,11A,100.0,0.553
L1,L24-L34,1i8m,11A,1xf3,11A,100.0,0.553
L1,L24-L34,8fab,11B,1nfd,11B,57.7,0.904
L1,L24-L34,1rhh,12D,1dn0,12D,90.9,0.591
L1,L24-L34,1axs,11A,1d5b,11A,87.0,0.599
L1,L24-L34,1uwg,11A,1ngx,11A,91.3,0.870
L1,L24-L34,1uwg,11A,1ngw,11A,91.3,1.159
L1,L24-L34,1cgs,16A,1ynl,16A,100.0,1.011
L1,L24-L34,1ynl,16A,1cgs,16A,100.0,1.011
L1,L24-L34,2c1o,16A,2c1p,16A,100.0,0.624
L1,L24-L34,2c1p,16A,2c1o,16A,100.0,0.624
L1,L24-L34,1vge,11A,2r56,11A,82.6,0.995
L1,L24-L34,1vge,11A,1rz7,11A,82.6,1.244
L1,L24-L34,2z91,10A,1ots,10A,82.4,1.049
L1,L24-L34,2z91,10A,1sy6,10A,82.4,0.436
L1,L24-L34,2z91,10A,1z3g,10A,82.4,0.543
L1,L24-L34,2z91,10A,1baf,10A,82.4,0.802
L1,L24-L34,1ngx,11A,1ngw,11A,100.0,1.218
L1,L24-L34,1ngw,11A,1ngx,11A,100.0,1.218
L1,L24-L34,2gjz,16A,2c1o,16A,95.5,1.230
L1,L24-L34,2gjz,16A,2c1p,16A,95.5,1.231
L1,L24-L34,1a4k,16A,1c1e,16A,95.5,1.008
L1,L24-L34,1a4k,16A,2o5x,16A,95.5,0.774
L1,L24-L34,1c1e,16A,2o5x,16A,100.0,0.766
L1,L24-L34,2o5x,16A,1c1e,16A,100.0,0.766
L1,L24-L34,1y18,14B,1y0l,14B,100.0,0.391
L1,L24-L34,1y0l,14B,1y18,14B,100.0,0.391
L1,L24-L34,1fig,12A,2brr,12C,100.0,2.983
L1,L24-L34,2brr,12C,1fig,12A,100.0,2.983
L1,L24-L34,1orq,12C,1fig,12A,95.5,2.938
L1,L24-L34,1orq,12C,2brr,12C,95.5,1.586
L1,L24-L34,3h42,14G,2jb5,14H,56.0,1.856
L1,L24-L34,3h42,14G,2jb6,14H,56.0,1.874
L1,L24-L34,2adg,11A,3bqu_2,11A,95.7,1.235
L1,L24-L34,3bqu_2,11A,2adg,11A,95.7,1.235
L1,L24-L34,3bqu_2,11A,3i9g,11A,95.7,1.130
L1,L24-L34,3i9g,11A,3bqu_2,11A,95.7,1.130
L1,L24-L34,1etz,14B,1ind,14B,100.0,0.965
L1,L24-L34,1etz,14B,1yuh,14B,100.0,1.390
L1,L24-L34,1etz,14B,1p4i,14B,100.0,1.026
L1,L24-L34,1etz,14B,1p4b,14B,100.0,0.969
L1,L24-L34,1etz,14B,1pg7_2,14B,100.0,0.932
L1,L24-L34,1etz,14B,1gig,14B,100.0,1.035
L1,L24-L34,1uwx,11A,2yss,11A,82.6,1.088
L1,L24-L34,1uwx,11A,2eks,11A,82.6,0.970
L1,L24-L34,1iqd,12C,1dn0,12D,81.8,2.091
L1,L24-L34,1iqd,12C,1rhh,12D,81.8,1.827
L1,L24-L34,1a0q,11A,1eap,11A,100.0,1.170
L1,L24-L34,1mhp,10A,2b2x,10A,100.0,0.653
L1,L24-L34,1rzi,11A,3hi6,11A,95.7,1.486
L1,L24-L34,3hi6,11A,1rzi,11A,95.7,1.486
L1,L24-L34,1rz7,11A,1dql,11A,91.3,1.182
L1,L24-L34,2w9d,10B,2w9e,10A,100.0,0.489
L1,L24-L34,1ibg,15B,2gsi,15A,84.0,1.478
L1,L24-L34,1ibg,15B,1ejo,15G,84.0,1.195
L1,L24-L34,1ibg,15B,32c2,15E,84.0,3.568
L1,L24-L34,1ibg,15B,3bsz,15G,84.0,1.182
L1,L24-L34,1sm3,14B,1ind,14B,96.0,0.858
L1,L24-L34,1sm3,14B,1yuh,14B,96.0,1.457
L1,L24-L34,1sm3,14B,1p4i,14B,96.0,0.967
L1,L24-L34,1sm3,14B,1p4b,14B,96.0,0.769
L1,L24-L34,1sm3,14B,1etz,14B,96.0,0.615
L1,L24-L34,1sm3,14B,1pg7_2,14B,96.0,0.778
L1,L24-L34,1sm3,14B,1gig,14B,96.0,1.183
L1,L24-L34,1cly,16E,1clz,16E,100.0,0.999
L1,L24-L34,3h0t,13C,2vxs,13C,80.0,0.727
L1,L24-L34,2vxs,13C,3h0t,13C,80.0,0.727
L1,L24-L34,1fsk,11A,1kcv,11A,87.0,0.750
L1,L24-L34,1igc,11A,1uyw,11A,95.7,0.944
L1,L24-L34,1uyw,11A,1igc,11A,95.7,0.944
L1,L24-L34,1qkz,16A,1yed,16A,95.5,0.901
L1,L24-L34,1qkz,16A,1yee,16A,95.5,0.777
L1,L24-L34,1qkz,16A,1mnu,16A,95.5,1.386
L1,L24-L34,1qkz,16A,1rmf,16A,95.5,1.292
L1,L24-L34,1qkz,16A,2h1p,16A,95.5,1.369
L1,L24-L34,1qkz,16A,1cbv,16B,95.5,1.971
L1,L24-L34,1qkz,16A,1mre,16A,95.5,1.216
L1,L24-L34,1qkz,16A,1mrc,16A,95.5,0.727
L1,L24-L34,1qkz,16A,1mrd,16A,95.5,0.680
L1,L24-L34,1qkz,16A,1t66,16A,95.5,0.967
L1,L24-L34,1qkz,16A,2hkf,16A,95.5,1.218
L1,L24-L34,1qkz,16A,2hkh,16A,95.5,1.346
L1,L24-L34,1qkz,16A,4fab,16B,95.5,1.619
L1,L24-L34,1qkz,16A,1dlf,16A,95.5,1.357
L1,L24-L34,1qkz,16A,1kfa,16A,95.5,1.202
L1,L24-L34,1qkz,16A,1c1e,16A,95.5,1.189
L1,L24-L34,1qkz,16A,2o5x,16A,95.5,1.014
L1,L24-L34,1pg7_2,14B,1ind,14B,100.0,1.090
L1,L24-L34,1pg7_2,14B,1yuh,14B,100.0,1.340
L1,L24-L34,1pg7_2,14B,1p4i,14B,100.0,0.999
L1,L24-L34,1pg7_2,14B,1p4b,14B,100.0,0.524
L1,L24-L34,1pg7_2,14B,1etz,14B,100.0,0.932
L1,L24-L34,1pg7_2,14B,1gig,14B,100.0,1.350
L1,L24-L34,1jn6,14B,1ind,14B,88.0,1.355
L1,L24-L34,1jn6,14B,1yuh,14B,88.0,1.140
L1,L24-L34,1jn6,14B,1p4i,14B,88.0,0.997
L1,L24-L34,1jn6,14B,1p4b,14B,88.0,0.967
L1,L24-L34,1jn6,14B,1etz,14B,88.0,1.198
L1,L24-L34,1jn6,14B,1pg7_2,14B,88.0,1.133
L1,L24-L34,1jn6,14B,1gig,14B,88.0,1.546
L1,L24-L34,2ntf,14B,1ind,14B,92.0,1.709
L1,L24-L34,2ntf,14B,1oar,14B,92.0,1.157
L1,L24-L34,2ntf,14B,1a6w,14B,92.0,0.711
L1,L24-L34,2ntf,14B,1a6u,14B,92.0,1.424
L1,L24-L34,2ntf,14B,1yuh,14B,92.0,0.972
L1,L24-L34,2ntf,14B,1oax,14B,92.0,1.134
L1,L24-L34,2ntf,14B,1oay,14B,92.0,1.247
L1,L24-L34,2ntf,14B,1p4i,14B,92.0,1.218
L1,L24-L34,2ntf,14B,1p4b,14B,92.0,1.144
L1,L24-L34,2ntf,14B,1etz,14B,92.0,1.305
L1,L24-L34,2ntf,14B,1pg7_2,14B,92.0,1.228
L1,L24-L34,2ntf,14B,1gig,14B,92.0,1.540
L1,L24-L34,2ntf,14B,1ocw,14B,92.0,1.134
L1,L24-L34,2ntf,14B,1oaq,14B,92.0,1.138
L1,L24-L34,2ntf,14B,1a6v,14B,92.0,1.116
L1,L24-L34,1nc2,14B,1ind,14B,96.0,0.794
L1,L24-L34,1nc2,14B,1yuh,14B,96.0,1.539
L1,L24-L34,1nc2,14B,1p4i,14B,96.0,0.775
L1,L24-L34,1nc2,14B,1p4b,14B,96.0,1.001
L1,L24-L34,1nc2,14B,1etz,14B,96.0,0.745
L1,L24-L34,1nc2,14B,1pg7_2,14B,96.0,0.989
L1,L24-L34,1nc2,14B,1gig,14B,96.0,1.020
L1,L24-L34,1gig,14B,1ind,14B,100.0,1.125
L1,L24-L34,1gig,14B,1yuh,14B,100.0,1.640
L1,L24-L34,1gig,14B,1p4i,14B,100.0,1.067
L1,L24-L34,1gig,14B,1p4b,14B,100.0,1.403
L1,L24-L34,1gig,14B,1etz,14B,100.0,1.035
L1,L24-L34,1gig,14B,1pg7_2,14B,100.0,1.350
L1,L24-L34,1ocw,14B,1oar,14B,100.0,0.484
L1,L24-L34,1ocw,14B,1a6w,14B,100.0,0.958
L1,L24-L34,1ocw,14B,1a6u,14B,100.0,1.089
L1,L24-L34,1ocw,14B,1oax,14B,100.0,0.469
L1,L24-L34,1ocw,14B,1oay,14B,100.0,0.546
L1,L24-L34,1ocw,14B,1oaq,14B,100.0,0.905
L1,L24-L34,1ocw,14B,1a6v,14B,100.0,1.114
L1,L24-L34,1oaq,14B,1oar,14B,100.0,0.903
L1,L24-L34,1oaq,14B,1a6w,14B,100.0,0.849
L1,L24-L34,1oaq,14B,1a6u,14B,100.0,0.868
L1,L24-L34,1oaq,14B,1oax,14B,100.0,0.919
L1,L24-L34,1oaq,14B,1oay,14B,100.0,0.964
L1,L24-L34,1oaq,14B,1ocw,14B,100.0,0.905
L1,L24-L34,1oaq,14B,1a6v,14B,100.0,0.873
L1,L24-L34,1a6v,14B,1oar,14B,100.0,0.948
L1,L24-L34,1a6v,14B,1a6w,14B,100.0,0.885
L1,L24-L34,1a6v,14B,1a6u,14B,100.0,0.916
L1,L24-L34,1a6v,14B,1oax,14B,100.0,0.971
L1,L24-L34,1a6v,14B,1oay,14B,100.0,0.979
L1,L24-L34,1a6v,14B,1ocw,14B,100.0,1.114
L1,L24-L34,1a6v,14B,1oaq,14B,100.0,0.873
L1,L24-L34,1mfb,14B,1mfe,14B,100.0,0.573
L1,L24-L34,1f4w,14B,1ind,14B,92.0,0.965
L1,L24-L34,1f4w,14B,1oar,14B,92.0,0.862
L1,L24-L34,1f4w,14B,1a6w,14B,92.0,0.672
L1,L24-L34,1f4w,14B,1a6u,14B,92.0,0.765
L1,L24-L34,1f4w,14B,1yuh,14B,92.0,0.947
L1,L24-L34,1f4w,14B,1oax,14B,92.0,0.875
L1,L24-L34,1f4w,14B,1oay,14B,92.0,0.900
L1,L24-L34,1f4w,14B,1p4i,14B,92.0,0.966
L1,L24-L34,1f4w,14B,1p4b,14B,92.0,0.933
L1,L24-L34,1f4w,14B,1etz,14B,92.0,0.723
L1,L24-L34,1f4w,14B,1pg7_2,14B,92.0,0.985
L1,L24-L34,1f4w,14B,1gig,14B,92.0,0.649
L1,L24-L34,1f4w,14B,1ocw,14B,92.0,0.959
L1,L24-L34,1f4w,14B,1oaq,14B,92.0,0.847
L1,L24-L34,1f4w,14B,1a6v,14B,92.0,0.981
L1,L24-L34,1eo8,10A,1wc7,10A,88.2,0.957
L1,L24-L34,1eo8,10A,1dqd,10A,88.2,0.852
L1,L24-L34,1eo8,10A,1for,10A,88.2,1.457
L1,L24-L34,1eo8,10A,1sy6,10A,88.2,1.731
L1,L24-L34,1eo8,10A,1z3g,10A,88.2,1.790
L1,L24-L34,1eo8,10A,1baf,10A,88.2,1.046
L1,L24-L34,2b2x,10A,1mhp,10A,100.0,0.653
L1,L24-L34,3eot,12C,1fig,12A,77.3,2.633
L1,L24-L34,3eot,12C,2brr,12C,77.3,0.566
L1,L24-L34,1kno,11A,2gfb,11A,100.0,0.996
L1,L24-L34,2gfb,11A,1kno,11A,100.0,0.996
L1,L24-L34,2osl,10A,1ots,10A,94.1,1.186
L1,L24-L34,3bky,10A,1sy6,10A,88.2,1.822
L1,L24-L34,3bky,10A,1z3g,10A,88.2,1.871
L1,L24-L34,3bky,10A,1baf,10A,88.2,1.010
L1,L24-L34,1for,10A,1dqd,10A,88.2,1.442
L1,L24-L34,1for,10A,1eo8,10A,88.2,1.457
L1,L24-L34,1for,10A,1sy6,10A,88.2,0.837
L1,L24-L34,1for,10A,1z3g,10A,88.2,0.887
L1,L24-L34,1for,10A,1baf,10A,88.2,1.426
L1,L24-L34,1ors,12C,15c8,12C,95.5,0.868
L1,L24-L34,1ken,12C,1cf8,12C,81.8,1.278
L1,L24-L34,2w9e,10A,2w9d,10B,100.0,0.489
L1,L24-L34,1sy6,10A,1z3g,10A,100.0,0.504
L1,L24-L34,1sy6,10A,1baf,10A,100.0,1.667
L1,L24-L34,1z3g,10A,1sy6,10A,100.0,0.504
L1,L24-L34,1z3g,10A,1baf,10A,100.0,1.748
L1,L24-L34,1baf,10A,1sy6,10A,100.0,1.667
L1,L24-L34,1baf,10A,1z3g,10A,100.0,1.748
L1,L24-L34,1jnl,11A,1jhk,11A,87.0,1.085
L1,L24-L34,1jnl,11A,1jgl,11A,87.0,1.085
L1,L24-L34,1mfa,14B,1mfe,14B,92.0,0.831
L1,L24-L34,1mfa,14B,1mfb,14B,92.0,0.643
L1,L24-L34,2qhr,12E,2gsg,12E,100.0,0.496
L1,L24-L34,3ffd,12E,2qhr,12E,95.5,0.264
L1,L24-L34,3ffd,12E,2gsg,12E,95.5,0.927
L1,L24-L34,2gsg,12E,2qhr,12E,100.0,0.496
L1,L24-L34,3gje,14H,3hae,14H,100.0,1.002
L1,L24-L34,3hae,14H,3gje,14H,100.0,1.002
L1,L24-L34,1rzf,13A,1q1j,13A,91.7,0.668
L1,L24-L34,1rzf,13A,3gbn,13A,91.7,0.519
L1,L24-L34,1rzf,13A,3gbm,13A,91.7,0.669
L1,L24-L34,2b0s,13A,1q1j,13A,83.3,1.310
L1,L24-L34,2b0s,13A,3gbn,13A,83.3,1.012
L1,L24-L34,2b0s,13A,3gbm,13A,83.3,1.066
L1,L24-L34,2fb4,13A,2b0s,13A,79.2,0.950
L1,L24-L34,2fb4,13A,1q1j,13A,79.2,0.560
L1,L24-L34,2fb4,13A,3gbn,13A,79.2,0.669
L1,L24-L34,2fb4,13A,3gbm,13A,79.2,0.763
L1,L24-L34,1q1j,13A,1rzf,13A,91.7,0.668
L1,L24-L34,1q1j,13A,3gbn,13A,91.7,0.860
L1,L24-L34,1q1j,13A,3gbm,13A,91.7,0.826
L1,L24-L34,1clo,10A,1ad0,10A,94.1,1.352
L1,L24-L34,1ad0,10A,1clo,10A,94.1,1.352
L1,L24-L34,2uud,16A,2a1w,16A,100.0,1.129
L1,L24-L34,2uud,16A,2ipt,16A,100.0,0.985
L1,L24-L34,2uud,16A,2iqa,16A,100.0,1.067
L1,L24-L34,2uud,16A,3eys,16A,100.0,1.151
L1,L24-L34,2uud,16A,2ddq,16A,100.0,1.266
L1,L24-L34,2uud,16A,2ipu,16A,100.0,1.083
L1,L24-L34,2uud,16A,2iq9,16A,100.0,1.069
L1,L24-L34,2uud,16A,2cju,16A,100.0,1.380
L1,L24-L34,2cju,16A,2a1w,16A,100.0,1.207
L1,L24-L34,2cju,16A,2ipt,16A,100.0,1.417
L1,L24-L34,2cju,16A,2iqa,16A,100.0,1.228
L1,L24-L34,2cju,16A,3eys,16A,100.0,1.265
L1,L24-L34,2cju,16A,2ddq,16A,100.0,0.937
L1,L24-L34,2cju,16A,2ipu,16A,100.0,1.359
L1,L24-L34,2cju,16A,2iq9,16A,100.0,1.424
L1,L24-L34,2cju,16A,2uud,16A,100.0,1.380
L1,L24-L34,1v7m,10A,1dqd,10A,88.2,0.840
L1,L24-L34,1jrh,11A,2bdn,11A,82.6,1.335
L1,L24-L34,2j4w,10A,1sy6,10A,88.2,1.559
L1,L24-L34,2j4w,10A,1z3g,10A,88.2,1.624
L1,L24-L34,2j4w,10A,1baf,10A,88.2,0.763
L1,L24-L34,2dd8,11C,1adq,11C,95.7,0.993
L1,L24-L34,3g6a,11C,2dd8,11C,82.6,0.556
L1,L24-L34,1w72,11C,1adq,11C,95.7,0.815
L1,L24-L34,3gbn,13A,3gbm,13A,100.0,0.588
L1,L24-L34,3gbm,13A,3gbn,13A,100.0,0.588
L1,L24-L34,1om3,11A,1dfb,11A,73.9,1.391
L1,L24-L34,1om3,11A,2r56,11A,73.9,1.309
L1,L24-L34,1om3,11A,2vxv,11A,73.9,0.862
L1,L24-L34,1om3,11A,2yss,11A,73.9,1.282
L1,L24-L34,1om3,11A,2eks,11A,73.9,0.916
L1,L24-L34,1nfd,11B,8fab,11B,57.7,0.904
L1,L24-L34,3cxd,11A,2j88,11A,91.3,0.705
L1,L24-L34,1adq,11C,2dd8,11C,95.7,0.993
L1,L24-L34,1adq,11C,1w72,11C,95.7,0.815
